"","lon","lat","adr"
"Aurubis1",53.5510846,9.9936818,"Aurubis AG, Hamburg, Germany"
"Aurubis2",42.9476636,-78.8930358,"Aurubis Buffalo inc., Sayre Street, Buffalo, NY, United States"
"Aurubis3",53.5174268,10.0276315,"Aurubis, Georgswerder Bogen, Hamburg, Germany"
"Aurubis4",61.4620499,21.8558387,"Aurubis Finland Oy, Kuparitie, Pori, Finland"
"Aurubis5",42.7033735,24.177048,"Aurubis Bulgaria, Pirdop, Bulgaria"
"Carmeuse1",39.2526628,-78.0891882,"Carmeuse Lime and Stone - Winchester Operation, Quarry Lane, Clear Brook, VA, United States"
"Carmeuse2",50.4968121,5.077576,"Carmeuse S.A., Rue du Château, Seilles, Belgium"
"Carmeuse3",43.2500208,-79.8660914,"Carmeuse Lime Ltd, Hamilton, ON, Canada"
"Carmeuse4",45.6527606,25.564416,"Carmeuse Holding, Strada Carierei, Brașov, Brașov County, Romania"
"Carmeuse5",50.6719957,4.6042756,"Carmeuse Coordination Center, Boulevard de Lauzelle, Louvain-la-Neuve, Belgium"
"Forrest Group1",55.8503324,-4.27799,"Forrest Group Ltd, Seaward Street, Glasgow, United Kingdom"
"Forrest Group2",43.8334567,-79.3344805,"The Forrest Group, Alden Road, Markham, ON, Canada"
"Forrest Group3",31.5748627,-94.717877,"Forrest Group, County Road 712, Nacogdoches, TX, United States"
"Forrest Group4",29.747896,-95.467124,"Forrest Group LLC, Sage Road, Houston, TX, United States"
"Forrest Group5",33.3654791,-84.6353396,"Forrest Group Inc, Lake Park Drive, Sharpsburg, GA, United States"
"Metallo-Chimique1",51.3124431,4.8202832,"Metallo Chimique nv, Nieuwe Dreef, Beerse, Belgium"
"Metallo-Chimique2",51.31949,4.85482,"Metallo Chimique nv, Beerse, Belgium"
"Nyrstar1",36.5061279,-87.3889561,"Nyrstar Clarksville Zinc Plant, Zinc Plant Road, Clarksville, TN, United States"
"Nyrstar2",-42.841111,147.309444,"Nyrstar Hobart Smelter, Lutana, Tasmania, Australia"
"Nyrstar3",36.069878,-83.6614679,"Nyrstar Tennessee Mines, West Old Andrew Johnson Highway, Strawberry Plains, TN, United States"
"Nyrstar4",36.0946581,-83.5737637,"Nyrstar, West Highway 11E, New Market, TN, United States"
"Nyrstar5",36.1725568,-85.9297092,"Nyrstar, Gordonsville, TN, United States"
"Soudal1",41.024474,28.585453,"Murat Çeşme Mahallesi, Soudal, Büyükçekmece/İstanbul, Turkey"
"Soudal2",51.0396446,6.9825073,"Soudal, Olof-Palme-Straße, Leverkusen, Germany"
"Soudal3",54.6871555,25.2796514,"Soudal, Vilnius, Vilnius County, Lithuania"
"Soudal4",37.7011387,-85.9080614,"SOUDAL Accumetric, Ring Road, Elizabethtown, KY, United States"
"Soudal5",52.633584,-1.691032,"Soudal UK Ltd, Tamworth, United Kingdom"
"Umicore1",42.6754066,-83.2441855,"Umicore Autocat USA, Commercial Drive, Auburn Hills, MI, United States"
"Umicore2",34.3336817,-86.4770054,"Umicore Specialty Chemicals, Guntersville Road, Arab, AL, United States"
"Umicore3",41.826053,-71.4333904,"Umicore Indium Products, Sims Avenue, Providence, RI, United States"
"Umicore4",13.7156255,100.6958924,"Umicore Precious Metals (Thailand) Ltd. Prawet Bangkok Thailand"
"Umicore5",13.6762328,100.6928804,"Umicore Precious Metals (Thailand) Ltd. Dok Mai Bangkok Thailand"
"Alpro1",52.3711289,-0.6859369,"Alpro, Altendiez Way, Burton Latimer, United Kingdom"
"Alpro2",40.7282239,-73.7948516,"Alpro Service, Queens, NY, United States"
"Alpro3",2.4744781,101.8573382,"ALPRO PHARMACY SDN BHD (HEAD OFFICE) Jalan Pds 1 Bandar Baru Sunggala Port Dickson Negeri Sembilan Malaysia"
"Alpro4",2.1889738,102.2542507,"Alpro Pharmacy Melaka Flagship Jalan Merdeka Malacca Malaysia"
"Alpro5",19.3354179,-99.1193297,"Alpro Alimentos Proteínicos S.A. de C.V., San Francisco Culhuacan, Mexico City, Mexico"
"Anheuser-Busch InBev1",50.8798438,4.7005176,"Anheuser-Busch InBev, Leuven, Belgium"
"Anheuser-Busch InBev2",50.0280327,14.4955196,"Anheuser-Busch InBev Czech s.r.o, V parku, Chodov, Prague-Prague 11, Czech Republic"
"Anheuser-Busch InBev3",53.0762021,8.7973178,"Anheuser-Busch InBev Germany Holding GmbH, Am Deich, Bremen, Germany"
"Anheuser-Busch InBev4",50.8798438,4.7005176,"Anheuser-Busch Inbev Sa, Leuven, Belgium"
"Anheuser-Busch InBev5",50.6325574,5.5796662,"Anheuser-Busch Inbev Sa, Liège, Belgium"
"Belgian Beer Cafe1",40.7444227,-73.9874942,"Belgian Beer Cafe NoMad, 5th Avenue, New York, NY, United States"
"Belgian Beer Cafe2",-33.8612809,151.2073859,"Belgian Beer Cafe Heritage, Harrington Street, The Rocks, New South Wales, Australia"
"Belgian Beer Cafe3",25.2171003,55.3613635,"Belgian Beer Cafe - Dubai Festival City - Dubai - United Arab Emirates"
"Belgian Beer Cafe4",-31.9524711,115.857472,"Belgian Beer Cafe - WA, Murray Street, Perth, Western Australia, Australia"
"Belgian Beer Cafe5",25.0952928,55.1955445,"Belgian Beer Café - Al Barsha - Dubai - United Arab Emirates"
"Cartamundi1",32.69933,-96.911728,"Cartamundi USA, Highland Place Drive, Dallas, TX, United States"
"Cartamundi2",51.3075508,4.9145482,"Cartamundi, Visbeekstraat, Turnhout, Belgium"
"Cartamundi3",1.2815351,103.8480453,"Cartamundi Telok Ayer Street Singapore"
"Cartamundi4",51.5204399,0.556767,"Cartamundi UK Ltd, Charfleets Road, Canvey Island, United Kingdom"
"Cartamundi5",19.402751,-99.098584,"Cartamundi de México, Granjas México, Mexico City, Mexico"
"Colruyt1",51.0370222,3.747282,"Colruyt Ledeberg, Edmond Van Hoorebekestraat, Ledeberg, Belgium"
"Colruyt2",50.8203441,4.4032383,"colruyt supermercato, Boulevard du Triomphe, Auderghem, Belgium"
"Colruyt3",50.8207504,3.2630506,"Colruyt Kortrijk, Sint-Sebastiaanslaan, Kortrijk, Belgium"
"Colruyt4",51.0703612,5.2206444,"Colruyt Beringen, Koolmijnlaan, Beringen, Belgium"
"Colruyt5",51.3198271,4.9686422,"Colruyt Oud-Turnhout, Blekerijstraat, Oud-Turnhout, Belgium"
"Confiserie Roodthooft",51.2061333,4.4171094,"Confiserie Roodthooft nv, Lange Leemstraat, Antwerp, Belgium"
"Delhaize Group1",50.8537047,4.3162044,"Delhaize Wineworld, Rue Osseghem, Sint-Jans-Molenbeek, Belgium"
"Delhaize Group2",36.0940174,-79.7512033,"Delhaize Group, Gilmer, NC, United States"
"Delhaize Group3",19.2873672,72.8737017,"Delhaize Group, Chandan Shanti, Mira Bhayandar, Maharashtra, India"
"Delhaize Group4",50.8537047,4.3162044,"Delhaize Belgium, Rue Osseghem, Sint-Jans-Molenbeek, Belgium"
"Delhaize Group5",50.8980315,4.2502646,"Delhaize, Z.4 Broekooi, Asse, Belgium"
"Ecover1",41.6081296,2.2396577,"Ecoveritas, Lliçà d'Amunt, Spain"
"Ecover2",30.6129451,-87.743725,"Ecovery LLC, Railroad Avenue, Loxley, AL, United States"
"Ecover3",43.653226,-79.3831843,"Ecovert, Toronto, ON, Canada"
"Ecover4",8.3900193,124.8844867,"Ecoverde Homes, Manolo Fortich, Northern Mindanao, Philippines"
"Ecover5",41.4707686,-81.9924177,"Ecoverse, Lear Industrial Parkway, Avon, OH, United States"
"ETAP Lighting1",51.5105384,-0.5950406,"ETAP LIGHTING, Slough, United Kingdom"
"ETAP Lighting2",51.4835991,-0.6170365,"ETAP Lighting, Vansittart Estate, Windsor, United Kingdom"
"Godiva1",40.774734,-73.9653844,"Godiva Chocolatier - Fifth Ave, 5th Avenue, New York, NY, United States"
"Godiva2",21.2854067,39.2375507,"Godiva, King Abdulaziz Branch Road, Jeddah, Makkah Province, Saudi Arabia"
"Godiva3",24.7135517,46.6752957,"GODIVA, Takhassusi Street, Riyadh, Riyadh Province, Saudi Arabia"
"Godiva4",51.5113124,-0.1389626,"Godiva Chocolates, Regent Street, London, United Kingdom"
"Godiva5",40.7668893,-73.9790653,"Godiva Chocolatier - 7th Avenue, 7th Avenue, New York, NY, United States"
"Guylian1",-33.8597755,151.2086766,"Guylian Belgian Chocolate Café, George Street, The Rocks, New South Wales, Australia"
"Guylian2",-33.8681853,151.2070205,"Guylian's Chocolate, George Street, Sydney, New South Wales, Australia"
"Guylian3",-33.8688197,151.2092955,"Guylian Belgian Chocolate Café, Sydney, New South Wales, Australia"
"Guylian4",-33.8681853,151.2070205,"Guylian Belgian Chocolate Cafe, George Street, Sydney, New South Wales, Australia"
"Guylian5",-37.8128782,144.9653346,"Guylian Belgian Chocolate Cafe, Swanston Street, Melbourne, Victoria, Australia"
"Imperial Automobiles1",12.9715987,77.5945627,"Imperial Automobiles, Bengaluru, Karnataka, India"
"Imperial Automobiles2",23.022505,72.5713621,"Imperial Automobiles, Ahmedabad, Gujarat, India"
"Imperial Automobiles3",NA,NA,"Imperial Automobiles, Sadiqabad, Pakistan"
"Imperial Automobiles4",22.8045665,86.2028754,"Imperial Automobiles Pvt Ltd, Jamshedpur, India"
"Louis Delhaize Group1",50.8645628,4.3258474,"Louis Delhaize, R20, Koekelberg, Belgium"
"Louis Delhaize Group2",50.5176356,5.4120581,"Louis Delhaize, Route du Condroz, Nandrin, Belgium"
"Louis Delhaize Group3",51.209348,3.2246995,"louis delhaize, Bruges, Belgium"
"Louis Delhaize Group4",51.3144063,4.4309402,"Louis Delhaize, Stationsstraat, Kapellen, Belgium"
"Louis Delhaize Group5",50.9478536,4.0459704,"Louis Delhaize, Jan Bijlstraat, Aalst, Belgium"
"Ridley1",40.2426516,-74.955948,"Hunting Hill Mansion at Ridley Creek State Park, Newtown Township, PA, United States"
"Ridley2",51.5480777,-0.0719399,"Ridley Road Market Bar, Ridley Road, London, United Kingdom"
"Ridley3",39.8942844,-75.3342193,"Ridley High School, Morton Avenue, Folsom, PA, United States"
"Ridley4",43.1491654,-79.2601937,"Ridley College, Ridley Road, Saint Catharines, ON, Canada"
"Ridley5",51.5480777,-0.0719399,"Ridley Road Market Shopping Village, Ridley Road, London, United Kingdom"
"Septentrio1",50.8798438,4.7005176,"Septentrio, Leuven, Belgium"
"Septentrio2",27.3853442,-108.1164226,"Septentrion B & B, Chemin de Saint Adolphe, Morin-Heights, QC, Canada"
"Septentrio3",50.7065898,3.1131694,"Galerie Septentrion, Chemin des Coulons, Marcq-en-Barœul, France"
"Septentrio4",46.8059464,-71.2229653,"Les éditions du Septentrion, Rue Turnbull, Québec City, QC, Canada"
"Septentrio5",65.8452868,24.148381,"Septentrionalia Oy, Hallituskatu, Tornio, Finland"
"Spa1",41.9027835,12.4963655,"Spanish Steps Apartments, Rome, Metropolitan City of Rome, Italy"
"Spa2",40.8236537,-73.8491094,"Spa Castle, Queens, NY, United States"
"Spa3",32.9884936,-96.9056018,"Spa Castle, Raiford Road, Carrollton, TX, United States"
"Spa4",40.7627636,-73.9871982,"Space Ibiza New York, West 50th Street, New York, NY, United States"
"Spa5",43.045139,-73.842844,"SPAC, Avenue of the Pines, Saratoga Springs, NY, United States"
"Vanparys1",NA,NA,"VanParys Micacchi Shippey & Warnick LLP, King Street West, Ingersoll, ON, Canada"
"Vanparys2",50.9773679,2.9456829,"Vanparys Filip, Houthulst, Belgium"
"Vanparys3",50.9346855,3.1940876,"Vanparys / Roger, Vlierstraat, Kachtem, Belgium"
"Vanparys4",51.1421779,3.1368396,"Vanparys Gerard, Zedelgem, Belgium"
"Vanparys5",51.05865,3.2748,"Vanparys Jozef, Wingene, Belgium"
"Volvo Cars Ghent1",51.1411054,3.7971273,"Volvo Car Gent, John F. Kennedylaan, Ghent, Belgium"
"Volvo Cars Ghent2",50.9805224,3.5420859,"Volvo, Gentsesteenweg, Deinze, Belgium"
"Ackermans & van Haaren1",-26.1896802,28.1595071,"Ackermans Pharmacy, Rietfontein Road, Germiston, South Africa"
"Ackermans & van Haaren2",-33.9416009,18.6875596,"Ackermans Head Office, Produksie Street, Cape Town, South Africa"
"Ackermans & van Haaren3",-33.9222864,18.4231221,"ACKERMANS, Adderley Street, Cape Town, Western Cape, South Africa"
"Ackermans & van Haaren4",42.251143,-73.788719,"Ackermans Appliance, Warren Street, Hudson, NY, United States"
"Ackermans & van Haaren5",-26.1514953,27.9252547,"Ackermans - Roodepoort Checkers, 14th Avenue, Roodepoort, Gauteng, South Africa"
"AG Real Estate1",41.4607798,-81.5169875,"A G Real Estate, Green Road, Beachwood, OH, United States"
"AG Real Estate2",50.8461788,4.3691637,"AG Real Estate, Avenue des Arts, Brussels, Belgium"
"AG Real Estate3",25.7906761,-80.13627,"AG Real Estate Services Inc, Lincoln Road, Miami Beach, FL, United States"
"AG Real Estate4",20.7103201,-103.4104443,"A.G. Real Estate & Associates, Badger Ranch Boulevard, Waco, TX, United States"
"AG Real Estate5",48.8800997,2.313468,"AG Real Estate, Boulevard Malesherbes, Paris, France"
"Ageas1",50.9097004,-1.4043509,"The Ageas Bowl, Southampton, United Kingdom"
"Ageas2",50.967182,-1.374688,"Ageas Insurance Ltd, Eastleigh, United Kingdom"
"Ageas3",51.8642449,-2.238156,"Ageas Insurance, Gloucester, United Kingdom"
"Ageas4",52.9883922,-2.1681709,"Ageas, Gordon Banks Drive, Stoke-on-Trent, United Kingdom"
"Ageas5",51.5073509,-0.1277583,"Ageas, City of London, United Kingdom"
"Befimmo1",50.8167845,4.4247792,"Befimmo, Chaussée de Wavre, Auderghem, Belgium"
"Befimmo2",50.71469,4.3991,"Befimmo Property Services, Waterloo, Belgium"
"Befimmo3",50.8854878,4.4709968,"Befimmo Property Services, Zaventem, Belgium"
"Befimmo4",50.9272511,4.4257868,"Befimmo Property Services, Vilvoorde, Belgium"
"Befimmo5",50.8503396,4.3517103,"Befimmo Property Services, Brussels, Belgium"
"Cofinimmo1",50.8503396,4.3517103,"COFINIMMO S.A., Boulevard de la Woluwe, Brussels, Belgium"
"Cofinimmo2",50.8408881,4.3761532,"Cofinimmo S.A., Rue Belliard, Brussels, Belgium"
"Cofinimmo3",51.1559541,4.4318937,"Cofinimmo Services, Edegem, Belgium"
"Cofinimmo4",51.0953575,3.6059674,"Cofinimmo Sa, Lovendegem, Belgium"
"Cofinimmo5",51.0258761,4.4775362,"Cofinimmo, Mechelen, Belgium"
"Effortel1",42.1748372,24.7417421,"Effortel, branch Plovdiv, улица „Васил Левски“, Plovdiv, Bulgaria"
"Effortel2",50.8333432,4.3666294,"Effortel SA, Ixelles, Belgium"
"Effortel3",57.6263802,39.8727027,"Effortel, OAO, OP v g. Yaroslavle, ulitsa Chaykovskogo, Yaroslavl, Russia"
"Effortel4",59.98634,30.322658,"Effortel, Beloostrovskaya ulitsa, Saint Petersburg, Russia"
"Effortel5",45.0893717,38.9767234,"Effortel, OAO, Yuzhnyy filial, ulitsa Dzerzhinskogo, Krasnodar, Russia"
"Frère-Bourgeois1",50.8503396,4.3517103,"Frère-Bourgeois sa, Brussels, Belgium"
"Frère-Bourgeois2",51.34635,3.28586,"Frere Bourgeois sv, Knokke-Heist, Belgium"
"Frère-Bourgeois3",49.4834975,8.4564598,"Frere-Bourgeois Commerciale Deutschland GmbH, Rheinvorlandstraße, Mannheim, Germany"
"GIMV1",52.0941956,4.3113031,"Gimv, Groenhovenstraat, The Hague, Netherlands"
"GIMV2",51.195151,4.4090633,"Gimv, Karel Oomsstraat, Antwerp, Belgium"
"GIMV3",48.1403846,11.5726069,"Gimv, Promenadeplatz, Munich, Germany"
"GIMV4",10.5104642,7.4165053,"Gimviya Make Up, Kaduna, Nigeria"
"GIMV5",48.8687979,2.2895079,"Gimv France, Rue Lauriston, Paris, France"
"KBC Bank1",53.3498053,-6.2603097,"KBC Bank, Dublin, Ireland"
"KBC Bank2",53.3366965,-6.2490116,"KBC Bank, Baggot Street Lower, Dublin, Ireland"
"KBC Bank3",53.3444316,-6.2608796,"KBC Bank College Green, Dublin, Ireland"
"KBC Bank4",51.2688141,4.6417799,"Kbc Bank Zoersel St.-Antonius, Handelslei, Zoersel, Belgium"
"KBC Bank5",51.2310783,2.9193391,"Kbc Bank Oostende-Kerkstraat, Kerkstraat, Ostend, Belgium"
"Keytrade Bank1",50.8503396,4.3517103,"Keytrade Bank, Boulevard du Souverain, Brussels, Belgium"
"Keytrade Bank2",49.611621,6.1319346,"Keytrade Bank Luxembourg SA, Luxembourg City, Luxembourg"
"Keytrade Bank3",51.9247772,4.4780972,"Keytrade Bank, Hofplein, Rotterdam, Netherlands"
"Keytrade Bank4",46.208202,6.1433786,"Keytrade Bank SA, Bruxelles, succursale de Genève, Rue de Chantepoulet, Geneva, Switzerland"
"RHJ International",22.396428,114.109497,"Rhj International Ltd, Hong Kong"
"Ablynx1",51.0100414,3.7097105,"Ablynx NV, Zwijnaarde science Park, Ghent, Belgium"
"Ablynx2",51.0543422,3.7174243,"Ablynx, Ghent, Belgium"
"Ablynx3",41.1528295,-8.6375316,"Ablynx, S.A., Rua do Campo Alegre, Porto, Portugal"
"Ablynx4",51.2063826,4.040883,"Ablynx, Stekene, Belgium"
"Eurogentec1",50.5921962,5.5587774,"Eurogentec Biologics Division, Rue du Bois Saint-Jean, Seraing, Belgium"
"Eurogentec2",37.5472127,-122.0672498,"Eurogentec North America, Inc., Campus Drive, Fremont, CA, United States"
"Eurogentec3",50.5918716,5.5583273,"Eurogentec, Rue du Bois Saint-Jean, Ougrée, Belgium"
"Eurogentec4",50.5838832,5.4996297,"Eurogentec sa, Seraing, Belgium"
"Eurogentec5",47.4732578,-0.5965151,"Eurogentec SA, Avenue du Général Patton, Angers, France"
"Innogenetics1",34.095633,-84.2450168,"Innogenetics Inc, Alderman Drive, Alpharetta, GA, United States"
"Innogenetics2",41.3780865,2.1458666,"Innogenetics Diagnóstica Iberia Sl, Carrer de Tarragona, Barcelona, Spain"
"Janssen Pharmaceutica1",51.90219,-8.35128,"Janssen Pharmaceutical Limited, Little Island, Ireland"
"Janssen Pharmaceutica2",40.5744597,-74.6469179,"Ortho-McNeil-Janssen Pharmaceutical, U.S. 202, Raritan, NJ, United States"
"Janssen Pharmaceutica3",-26.1052876,28.0625177,"Janssen Pharmaceutica (Pty) Ltd, Sandown, Gauteng, South Africa"
"Janssen Pharmaceutica4",40.343784,-74.8156199,"Janssen, Hopewell Township, NJ, United States"
"Janssen Pharmaceutica5",41.4675671,12.9035965,"Janssen Pharmaceutical Latina Office, Latina, Province of Latina, Italy"
"Tibotec",41.8781136,-87.6297982,"Tibotech Therapeutics, North Lake Shore Drive, Chicago, IL, United States"
"TiGenix1",40.5907545,-3.7073998,"Tigenix Sa, Calle de Marconi, Tres Cantos, Spain"
"TiGenix2",52.2317572,0.1446239,"Tigenix, Cambridge Science Park Road, Cambridge, United Kingdom"
"TiGenix3",50.9914805,5.804108,"Tigenix B.V., Urmonderbaan, Geleen, Netherlands"
"TiGenix4",50.8445834,4.7373103,"Tigenix SAU, Romeinse straat, Leuven, Belgium"
"UCB1",34.1052194,-118.3275299,"Upright Citizens Brigade Theatre, Franklin Avenue, Los Angeles, CA, United States"
"UCB2",34.0798555,-118.422887,"UCB Sunset, Sunset Boulevard, Los Angeles, CA, United States"
"UCB3",40.7393722,-74.0028025,"UCB Training Center, 8th Avenue, New York, NY, United States"
"UCB4",40.7236548,-73.9852944,"Upright Citizens Brigade Theatre East, East 3rd Street, New York, NY, United States"
"UCB5",37.8805941,-122.2447958,"UC Berkeley, Berkeley, CA, United States"
"Vanbreda International1",NA,NA,"Vanbreda Risk & Benefits, Plantin en Moretuslei, Antwerp, Belgium"
"Vanbreda International2",3.148465,101.704739,"Vanbreda International Sdn Bhd Bukit Ceylon Kuala Lumpur Federal Territory of Kuala Lumpur Malaysia"
"Vanbreda International3",-33.4488897,-70.6692655,"Vanbreda International Nv,, Santiago, Chile"
"Vanbreda International4",51.2098284,4.4288938,"Vanbreda International, Plantin en Moretuslei, Antwerp, Belgium"
"Agoria1",51.0100414,3.7097105,"Agoria, Zwijnaarde science Park, Ghent, Belgium"
"Agoria2",NA,NA,"Agoriad Cyf., Porth Penrhyn, United Kingdom"
"Agoria3",51.18716,4.43442,"Agoria, Filip Williotstraat, Berchem, Belgium"
"Agoria4",50.8503396,4.3517103,"Agoria, Boulevard Auguste Reyers, Brussels, Belgium"
"Agoria5",52.888816,-4.4176339,"Agoriad Cyf, Pwllheli, United Kingdom"
"Associated Weavers1",NA,NA,"Associated Weavers, Halifax, United Kingdom"
"Associated Weavers2",50.7509366,3.6405323,"Associated Weavers NV/SA, Weverijstraat, Ronse, Belgium"
"Associated Weavers3",37.9542733,23.6997168,"Associated Weavers Hellas, Leoforos Eleftheriou Venizelou, Kallithea, Greece"
"Associated Weavers4",24.8614622,67.0099388,"Associated Weavers, Karachi, Sindh, Pakistan"
"Associated Weavers5",55.7302621,12.5472296,"Associated Weavers International Scandinavia ApS, Lyngbyvej, Hellerup, Denmark"
"Aveve1",51.23784,4.44628,"AVEVE Biochem, Eugeen Meeusstraat, Merksem, Belgium"
"Aveve2",51.053214,3.7231464,"AVEVE City Gent, Sint-Niklaasstraat, Ghent, Belgium"
"Aveve3",50.9141443,4.715597,"Aveve Wilsele, Aarschotsesteenweg, Leuven, Belgium"
"Aveve4",51.0943435,3.7276644,"Aveve Tuincentrum, Pantserschipstraat, Ghent, Belgium"
"Aveve5",50.9976694,3.9714278,"Aveve Wichelen, Paepestraat, Wichelen, Belgium"
"Aviapartner1",50.8947967,4.4679777,"Aviapartner Executive Lounge - Brussels, Ringlaan, Zaventem, Belgium"
"Aviapartner2",43.4212739,5.218332,"AVIAPARTNER EXECUTIVE, Marignane, France"
"Aviapartner3",29.0468535,-13.5899733,"Aviapartner, Aeropuerto de Lanzarote, Spain"
"Aviapartner4",44.8448769,-0.656358,"Aviapartner, Mérignac, France"
"Aviapartner5",47.4495116,8.5821648,"Aviapartner, Kloten, Switzerland"
"Barco NV1",50.8567832,3.2594312,"Barco NV, Noordlaan, Kuurne, Belgium"
"Barco NV2",55.755826,37.6173,"Barco N.v. (Belgiya), Moscow, Russia"
"Barco NV3",55.8192009,37.6338819,"Barco N.v. (Belgiya), ulitsa Kondratyuka, Moscow, Russia"
"Beaulieu International Group",50.8844472,3.4365181,"Beaulieu International Group, Holstraat, Waregem, Belgium"
"Bekaert1",3.0612579,101.5296662,"Bekaert Southern Specialty Wire Sdn Bhd Jalan Utas 15/7 Seksyen 15 Shah Alam Selangor Malaysia"
"Bekaert2",18.567929,73.9143179,"Bekaert Industries Private Limited, Viman Nagar, Pune, Maharashtra, India"
"Bekaert3",36.3522971,-94.1645719,"Bekaert Corporation, Bekaert Drive, Rogers, AR, United States"
"Bekaert4",42.058719,2.1505496,"Bekaert Textiles, Sant Boi de Lluçanès, Spain"
"Bekaert5",35.4576332,-94.396501,"Bekaert Corporation, Bekaert Drive, Van Buren, AR, United States"
"Bpost1",50.8367832,4.3625398,"Bpost - Ixelles Porte De Namur, Chaussée d'Ixelles, Ixelles, Belgium"
"Bpost2",50.8005687,4.3996512,"Bpost, Chaussée de Boondael, Brussels, Belgium"
"Bpost3",50.8448852,4.3803552,"BPost, Rue Stevin, Brussels, Belgium"
"Bpost4",50.8697251,4.3649664,"bpost, Rue du Progrès, Brussels, Belgium"
"Bpost5",50.8269251,4.3424184,"Bpost, Rue Sterckx, Saint-Gilles, Belgium"
"Claeys1",41.6588939,-86.257464,"Claeys Candy Inc, South Taylor Street, South Bend, IN, United States"
"Claeys2",45.598041,-123.0035996,"Claeys Catering Inc, Northwest Commercial Street, North Plains, OR, United States"
"Claeys3",42.4920121,-83.0461365,"HL Claeys, Mound Road, Warren, MI, United States"
"Claeys4",NA,NA,"Claeys Brothers Moving & Storage, Harbor Drive, Sioux City, IA, United States"
"Claeys5",NA,NA,"Claeys, McElroy-Magruder & Kitchens, Telfair Street, Augusta, GA, United States"
"Corsio1",45.4475019,9.1772649,"Corsio di Porta Romana 64, Via Pavia, Milan, Metropolitan City of Milan, Italy"
"Corsio2",47.080575,-0.54393,"Corsion Nathalie, Saint-Paul-du-Bois, France"
"Corsio3",48.929681,9.1949447,"Corsio Salvatore, Bahnhofstraße, Freiberg, Germany"
"Corsio4",-23.6364944,-46.6579284,"Corsione Associados - Avenida João Pedro Cardoso, São Paulo - State of São Paulo, Brazil"
"De Lijn1",50.8811665,4.7146926,"De Lijn, Martelarenplein, Leuven, Belgium"
"De Lijn2",51.20454,4.43521,"De Lijn, Pretoriastraat, Antwerp, Belgium"
"De Lijn3",50.9378101,4.0409517,"De Lijn winkel, Aalst, Belgium"
"De Lijn4",51.1382997,4.1512076,"Stelplaats De Lijn Sint-Niklaas, Industriepark-west, Sint-Niklaas, Belgium"
"De Lijn5",51.0144121,4.4919669,"De Lijn Centrale Diensten, Motstraat, Mechelen, Belgium"
"Deceuninck1",39.4522687,-84.3371234,"Deceuninck North America Llc, North Garver Road, Monroe, OH, United States"
"Deceuninck2",39.6169857,-119.1961332,"Deceuninck North America, Nevada Pacific Boulevard, Fernley, NV, United States"
"Deceuninck3",51.4516342,-1.9979433,"Deceuninck, Stanier Road, Calne, United Kingdom"
"Deceuninck4",44.4267674,26.1025384,"Deceuninck Romania, Bucharest, Romania"
"Deceuninck5",51.43933,-2.003884,"Deceuninck, Calne, United Kingdom"
"DEME1",41.9642005,-87.6566714,"Demera Ethiopian Restaurant, North Broadway Street, Chicago, IL, United States"
"DEME2",40.5670263,-74.5016291,"Demented Brewing Company, Lincoln Boulevard, Middlesex, NJ, United States"
"DEME3",34.7465882,-120.11741,"Demetria Estate Wines, Foxen Canyon Road, Los Olivos, CA, United States"
"DEME4",29.7418172,-95.4107419,"Demeris Bar-B-Q, South Shepherd Drive, Houston, TX, United States"
"DEME5",29.7811603,-95.4532417,"Demeris Barbecue, West Loop North Freeway, Houston, TX, United States"
"D'Ieteren1",50.8224611,4.3615857,"Audi D'Ieteren Mail, Rue Américaine, Ixelles, Belgium"
"D'Ieteren2",50.9409683,4.615932,"D'Ieteren sa, Leuvensesteenweg, Erps-Kwerps, Belgium"
"D'Ieteren3",50.8217065,4.3591373,"My Way D'Ieteren Mail, Rue du Mail, Ixelles, Belgium"
"D'Ieteren4",50.8719709,4.4745646,"D'Ieteren Zaventem (Audi), Leuvensesteenweg, Zaventem, Belgium"
"D'Ieteren5",50.8486733,4.4659358,"VW - Volkswagen D'Ieteren Stokkel, Avenue Reine Astrid, Kraainem, Belgium"
"DOMO Group1",60.3604877,25.035501,"Domo Group Oy, Repolavägen, Vantaa, Finland"
"DOMO Group2",45.4438896,11.9843835,"Domo Group Italia Srl, Vigonza, Province of Padua, Italy"
"DOMO Group3",43.543667,7.040922,"Domo Groupe, Rue du Cros Vieil, Cannes, France"
"DOMO Group4",NA,NA,"DOMO GROUP Α.Ε.&Τ.Ε., Σπάτα Λούτσα, Ανατολική Αττική, Ελλάδα"
"DOMO Group5",42.750291,13.9675851,"Domo Group S.R.L., Via Caltanissetta, Giulianova, Province of Teramo, Italy"
"East-West Group1",13.0734129,77.5554935,"East West Group of Institutions, BEL Layout, Bengaluru, Karnataka, India"
"East-West Group2",1.497302,103.7133079,"East West Group Of Companies Bandar Baru Uda Johor Bahru Johor Malaysia"
"East-West Group3",15.3647083,75.1239547,"East-West Group, Hubballi, Karnataka, India"
"East-West Group4",54.6716779,25.2988929,"East West Group, Ramybės gatvė, Vilnius, Lithuania"
"East-West Group5",28.6898261,77.1183137,"East West Group, नई दिल्ली, दिल्ली, भारत"
"Gent Tram",51.0499429,3.7614474,"Tram 3, Scaldisstraat, Ghent, Belgium"
"GEOS constructive testing",50.8282705,5.3352824,"GEOS constructive testing, Hertenstraat, Wellen, Belgium"
"Group Joos1",51.5878377,4.8326569,"Group Joos Nv, Minervum, Breda, Netherlands"
"Group Joos2",50.8106858,2.6792448,"Group Joos Sarl, Rue de la Gare, Boeschepe, France"
"Group Joos3",51.3216509,4.9375577,"Group Joos Nv, Turnhout, Belgium"
"Jan De Nul1",25.2048493,55.2707828,"Jan De Nul Dredging Middle East Fze - Dubai - United Arab Emirates"
"Jan De Nul2",9.1011785,-79.4028639,"Jan De Nul Panama S.A., Panama City, Panama"
"Jan De Nul3",50.9498799,4.0365481,"Jan De Nul NV, Tragel, Aalst, Belgium"
"Jan De Nul4",-31.9484693,115.8422305,"Jan De Nul Australia, Colin Street, West Perth, Western Australia, Australia"
"Jan De Nul5",25.239126,55.3129667,"Jan De Nul Dredging Ltd - Oud Metha - Dubai - United Arab Emirates"
"Jonckheere1",50.9708899,3.1486298,"JONCKHEERE subcontracting nv, Henri Jonckheerestraat, Roeselare, Belgium"
"Jonckheere2",42.741924,-80.577671,"Jonckheere Motors Inc, Langton, ON, Canada"
"Jonckheere3",50.8774514,4.3663869,"Jonckheere sprl, Quai des Usines, Brussels, Belgium"
"Jonckheere4",51.1443206,4.1013206,"Meubelen Jonckheere, Nieuwe Baan, Belsele, Belgium"
"Jonckheere5",50.907886,2.2687244,"Jonckheere, Rue de la Mairie, Looberghe, France"
"Katoen Natie1",43.4757729,5.167309,"Katoen Natie, Berre-l'Étang, France"
"Katoen Natie2",12.7410437,101.1211217,"Katoen Natie Huai Pong Rayong Thailand"
"Katoen Natie3",29.6966296,-95.0669494,"Katoen Natie, Texas 225, La Porte, TX, United States"
"Katoen Natie4",29.6966296,-95.0669494,"Katoen Natie Gulf Coast, Texas 225, La Porte, TX, United States"
"Katoen Natie5",51.2277082,4.4160104,"Katoen Natie Headquarters, Van Aerdtstraat, Antwerp, Belgium"
"Libeco-Lagae",50.96367,3.3012549,"Libeco Lagae Dpt. Fabrics, Tieltstraat, Meulebeke, Belgium"
"Materialise NV1",50.853155,4.730494,"Materialise HQ, Technologielaan, Leuven, Belgium"
"Materialise NV2",42.3901369,-83.4860407,"Materialise USA LLC, Helm Court, Plymouth, MI, United States"
"Materialise NV3",42.3901369,-83.4860407,"Materialise, Helm Court, Plymouth, MI, United States"
"Materialise NV4",44.971932,4.9568839,"Materialise, Saint-Marcel-lès-Valence, France"
"Materialise NV5",50.4501,30.5234,"Materialise Ukraine, Raisy Okipnoi Street, Kiev, Kyiv city, Ukraine"
"Namahn",50.8503396,4.3517103,"Namahn, Rue de la Limite, Brussels, Belgium"
"Precision Dynamics Corporation1",34.3916641,-118.542586,"Precision Dynamics Corporation, Santa Clarita, CA, United States"
"Precision Dynamics Corporation2",34.2817483,-118.4241458,"Precision Dynamics Corporation, Del Sur Street, San Fernando, CA, United States"
"Ravago1",41.6222669,-88.223738,"Ravago, West 143rd Street, Plainfield, IL, United States"
"Ravago2",28.6339783,-81.4028293,"Ravago Manufacturing Americas, Summit Tower Boulevard, Orlando, FL, United States"
"Ravago3",41.0062973,-81.6028965,"Ravago Hinds LLC, Foundation Place, Barberton, OH, United States"
"Ravago4",30.0063017,-95.9077815,"Ravago Manufacturing, Mathis Road, Waller, TX, United States"
"Ravago5",14.7565784,121.0449768,"Ravago Equipment Rentals, Inc., Caloocan, NCR, Philippines"
"Reynaers Aluminium1",18.5204303,73.8567437,"Reynaers Aluminium Pvt. Ltd., Pune, Maharashtra, India"
"Reynaers Aluminium2",44.4218081,26.1001414,"Reynaers Aluminium, Strada Muzelor, Bucharest, Romania"
"Reynaers Aluminium3",51.1040533,4.538185,"Reynaers Aluminium NV, Oude Liersebaan, Duffel, Belgium"
"Reynaers Aluminium4",44.8299484,20.3993135,"Predstavnistvo Reynaers Aluminium SE, Tošin bunar, Belgrade"
"Reynaers Aluminium5",18.608081,74.0109161,"Reynaers Aluminium Pvt. Ltd. Lonikand., ramnagar , lonikand, Maharashtra, India"
"Saluc1",14.6349149,-90.5068824,"Salucentro, Guatemala City, Guatemala"
"Saluc2",19.3172502,-99.6472275,"Salucom Farmacia La Paz Alfredo Del Mazo Velez, Via Alfredo del Mazo, Delegación Santa Cruz Atzcapotzaltongo, Toluca, Mexico"
"Saluc3",44.6394517,7.6619512,"Salucom Poliambulatorio specialistico, Via Cuneo, Savigliano, Province of Cuneo, Italy"
"Saluc4",33.5099045,-112.0091579,"Salucro Healthcare Solutions, East Camelback Road, Phoenix, AZ, United States"
"Saluc5",5.348903,-72.400523,"Salucoop, Yopal - Casanare, Colombia"
"Seyntex",50.9852339,3.3360844,"Seyntex nv, Seyntexlaan, Tielt, Belgium"
"Sioen Industries1",50.9885802,3.2005073,"Sioen Industries, Fabriekstraat, Ardooie, Belgium"
"Sioen Industries2",50.7231468,3.2136733,"Sioen, Avenue de la Métropole, Mouscron, Belgium"
"Sioen Industries3",50.7247214,3.2168786,"Sioen Industries, Avenue Urbino, Luingne, Belgium"
"Sioen Industries4",43.1597708,2.9789052,"Sioen France, Avenue Gustave Eiffel, Narbonne, France"
"Sioen Industries5",50.90244,4.0056592,"Sioen Industries, Haaltert, Belgium"
"Skytech1",54.6777857,25.2798209,"SKYTECH.LT, Pylimo gatvė, Vilnius, Lithuania"
"Skytech2",1.352083,103.819836,"SkyTech Singapore"
"Skytech3",37.7605526,-122.3982844,"Skytech Solar-A SF Bay Area Solar Company, Arkansas Street, San Francisco, CA, United States"
"Skytech4",28.8955152,76.606611,"Merion Sky Mall, Rohtak, Haryana, India"
"Skytech5",41.757372,-87.6215208,"Skytech Enterprises Ltd, South Michigan Avenue, Chicago, IL, United States"
"Solvay1",43.060028,-76.2155069,"Solvay High School, Gertrude Avenue, Solvay, NY, United States"
"Solvay2",33.3621766,-82.0141086,"Solvay Advanced Polymers, Clanton Road, Augusta, GA, United States"
"Solvay3",34.0904336,-84.2053646,"Solvay Advanced Polymers LLC, McGinnis Ferry Road, Alpharetta, GA, United States"
"Solvay4",41.4400344,-87.6833769,"Solvay USA, University Park, IL, United States"
"Solvay5",43.095323,-76.2500054,"Solvay Middle School, Bury Drive, Syracuse, NY, United States"
"Teleroute1",40.4981655,-3.8744638,"Teleroute, Calle Collado Mediano, Las Rozas, Spain"
"Teleroute2",52.2296756,21.0122287,"Teleroute - Giełda Ładunków Krajowych i Międzynarodowych, Warsaw, Poland"
"Teleroute3",52.1259577,4.6541476,"Teleroute B.V., Zuidpoolsingel, Alphen aan den Rijn, Netherlands"
"Teleroute4",41.163126,-8.6302064,"Teleroute Portugal - Bolsa Electrónica De Cargas, Lda., Rua de Domingos Sequeira, Porto, Portugal"
"Teleroute5",NA,NA,"Teleroute Österreich GmbH & Co KG, Leberstraße, Vienna, Austria"
"Thermote & Vanhalst1",-31.9920578,115.9374457,"TVH Australasia Perth, Colin Jamieson Drive, Welshpool, Western Australia, Australia"
"Thermote & Vanhalst2",NA,NA,"TVH Human Resources & Electronics, A14, Waregem, Belgium"
"Thermote & Vanhalst3",-34.9355562,138.6026901,"TVH, South Terrace, Adelaide, South Australia, Australia"
"Thermote & Vanhalst4",1.352083,103.819836,"TVH Singapore Pte. Ltd. Singapore"
"Thermote & Vanhalst5",NA,NA,"TVH, Başakşehir, Turkey"
"Tractebel1",50.8503396,4.3517103,"Tractebel (ENGIE) - Head Office, Avenue Ariane, Brussels, Belgium"
"Tractebel2",NA,NA,"Tractebel, García, Mexico"
"Tractebel3",50.8578256,4.4321049,"Tractebel Engineering sa, Avenue Ariane, Woluwe-Saint-Lambert, Belgium"
"Tractebel4",22.2331041,-97.861099,"Tractebel S.A. de C.V., Tampico, Mexico"
"Tractebel5",32.3207939,-96.6416385,"Tractebel Power Inc, West Ennis Avenue, Ennis, TX, United States"
"Truvo1",30.083333,31.35,"Truvo, Almazah, Heliopolis, Cairo Governorate, Egypt"
"Truvo2",50.9097004,-1.4043509,"Truvox International, Southampton, United Kingdom"
"Truvo3",30.0379482,31.208259,"Truvo, Al Nakhel, Ad Doqi, Giza Governorate, Egypt"
"Truvo4",22.572646,88.363895,"Truvolt Engineering Co Pvt Ltd, Kolkata, West Bengal, India"
"Truvo5",22.4923194,88.3450254,"Truvolt Engineering Company Private Limited, Baburam Ghosh Road, Tollygunge Golf Club, Kolkata, West Bengal, India"
"Unibind1",-25.9991795,28.1262927,"Unibind Systems (Pty) Ltd, Midrand, Gauteng, South Africa"
"Unibind2",34.0673277,-84.3118835,"Unibind Inc, Wills Road, Alpharetta, GA, United States"
"Unibind3",51.062883,-0.325858,"Unibind Systems Ltd, Horsham, United Kingdom"
"Unibind4",-29.151988,26.1940199,"Unibind Systems (Pty) Ltd - Free State, Barry Richter Road, Bloemfontein, Free State, South Africa"
"Unibind5",-33.8349868,151.0457422,"Unibind NSW, Vore Street, Silverwater, New South Wales, Australia"
"Van Genechten Packaging",51.3216509,4.9375577,"Van Genechten Packaging, Turnhout, Belgium"
"Van Hool1",51.0978315,4.6102573,"Kapel Van Hool, Bernard van Hoolstraat, Lier, Belgium"
"Van Hool2",51.09522,4.61011,"Van Hool, Bernard van Hoolstraat, Koningshooikt, Belgium"
"Van Hool3",52.3251062,-0.6903119,"Van Hool UK Ltd, Vaux Road, Finedon Road Industrial Estate, Wellingborough, United Kingdom"
"Van Hool4",35.082834,-101.9361111,"Van Hooley Construction, Farm to Market Road 2590, Amarillo, TX, United States"
"Van Hool5",49.0983403,2.5286402,"Van Hool France, Rue de la Ferme Saint-Ladre, Fosses, France"
"Velleman1",32.7554883,-97.3307658,"Velleman Inc, Tower Street, Fort Worth, TX, United States"
"Velleman2",50.9332,3.64714,"Velleman, Legen Heirweg, Gavere, Belgium"
"Velleman3",44.2562562,-77.4415253,"Velleman House, Ontario 62, Foxboro, ON, Canada"
"Velleman4",55.010762,-1.449138,"Velleman.co.uk, North Shields, United Kingdom"
"Velleman5",22.396428,114.109497,"Velleman Hong Kong Ltd, Hong Kong"
"Vinçotte1",24.2991738,54.6972774,"Vincotte International Middle East LLC - Abu Dhabi - United Arab Emirates"
"Vinçotte2",25.2830909,55.351682,"Vincotte International Middle East LLC - Hor Al Anz East - Dubai - United Arab Emirates"
"Vinçotte3",50.9244388,4.4365641,"Vinçotte Hoofdkantoor, Jan Olieslagerslaan, Vilvoorde, Belgium"
"Vinçotte4",-31.9505269,115.8604572,"Vinçotte Australia, Perth, Western Australia, Australia"
"Vinçotte5",53.5957845,-113.5708019,"Vincotte Canada, 93 Avenue Northwest, Edmonton, AB, Canada"
"Copiepresse",50.8503396,4.3517103,"Copiepresse Soc.civ. scrl, Rue Bara, Brussels, Belgium"
"Larian Studios",51.0543422,3.7174243,"Larian Studios, Ghent, Belgium"
"Proost1",51.5896445,4.7738573,"Proost in Breda, Vismarktstraat, Breda Centrum, Breda, Netherlands"
"Proost2",52.0990887,5.1348765,"Proost!, Bollenhofsestraat, Utrecht, Netherlands"
"Proost3",51.5896445,4.7738573,"Proost BV, Vismarktstraat, Breda, Netherlands"
"Proost4",51.9215979,4.4891618,"Cafe Proost, Hoogstraat, Rotterdam, Netherlands"
"Proost5",51.3001372,4.9420823,"Proost Industries NV, Everdongenlaan, Turnhout, Belgium"
"UMedia1",30.1185305,31.2404923,"Umedia, Cairo Governorate, Egypt"
"UMedia2",50.825587,4.365307,"uMedia, Avenue Louise, Brussels, Belgium"
"UMedia3",39.7741908,-89.6485903,"Umedia, South 6th Street, Springfield, IL, United States"
"UMedia4",21.5111392,-104.8918856,"UMEDIA, Avenida México Norte, Centro, Tepic, Mexico"
"UMedia5",32.0547645,34.7706342,"Umedia, Shalma Road, Tel Aviv-Yafo, Israel"
"Fluxys1",51.370922,4.9939098,"Fluxys Belgium, Ravels, Belgium"
"Fluxys2",51.2438606,3.2066759,"Fluxys sa, Kolvestraat, Bruges, Belgium"
"Fluxys3",50.8461788,4.3691637,"Fluxys, Avenue des Arts, Brussels, Belgium"
"Fluxys4",50.8461788,4.3691637,"Fluxys sa, Avenue des Arts, Brussels, Belgium"
"Fluxys5",50.9916019,3.8475781,"Fluxys, Honderdweg, Wetteren, Belgium"
"Agfa-Gevaert1",48.1019183,11.5840079,"Agfa Gevaert HealthCare GmbH, Tegernseer Landstraße, Munich, Germany"
"Agfa-Gevaert2",51.1784892,4.4431958,"Agfa Gevaert, Septestraat, Mortsel, Belgium"
"Agfa-Gevaert3",51.0938172,4.8260856,"Agfa Gevaert, August Cannaertsstraat, Westerlo, Belgium"
"Agfa-Gevaert4",-27.4135519,153.0040361,"AGFA Gevaert Ltd, Shand Street, Stafford, Queensland, Australia"
"Agfa-Gevaert5",NA,NA,"Agfa Gevaert, Brentford, United Kingdom"
"AIM Productions1",40.7282239,-73.7948516,"Aim Productions Inc, Queens, NY, United States"
"AIM Productions2",40.7425772,-73.9804096,"AIM Productions, 29th Street, NY, United States"
"AIM Productions3",42.4080036,-87.9199163,"AIM Productions, North Forrest Hills Court, Wadsworth, IL, United States"
"AIM Productions4",30.267153,-97.7430608,"Aim Productions, Austin, TX, United States"
"AIM Productions5",51.1601852,4.4609677,"AIM Productions, Hoverheide, Hove, Belgium"
"EVS Broadcast Equipment1",40.8700682,-74.3007334,"EVS Broadcast Equipment (US East Coast), Law Drive, Fairfield, NJ, United States"
"EVS Broadcast Equipment2",50.5918716,5.5583273,"EVS Broadcast Equipment (Belgium), Rue du Bois Saint-Jean, Ougrée, Belgium"
"EVS Broadcast Equipment3",51.2946614,-0.3272353,"EVS Broadcast Equipment (UK), The Crescent, Leatherhead, United Kingdom"
"EVS Broadcast Equipment4",25.2048493,55.2707828,"EVS Broadcast Equipment (Dubai) - Sheikh Zayed Road - Dubai - United Arab Emirates"
"EVS Broadcast Equipment5",49.8671859,8.6280013,"EVS Broadcast Equipment (Darmstadt Development Center), Mina-Rees-Straße, Darmstadt, Germany"
"Ferranti Computer Systems1",51.267346,4.3886177,"Ferranti Computer Systems N.V., Romeynsweel, Antwerp, Belgium"
"Ferranti Computer Systems2",28.4594965,77.0266383,"Ferranti Computer Systems India, Gurgaon, Haryana, India"
"Ferranti Computer Systems3",52.3355057,4.8871664,"Ferranti Computer Systems B.V., Tommaso Albinonistraat, Amsterdam, Netherlands"
"Ferranti Computer Systems4",52.3347732,4.9318727,"Ferranti Computer Systems B.V., Joop Geesinkweg, Amsterdam, Netherlands"
"IMEC1",50.8622144,4.6712046,"imec, Kapeldreef, Heverlee, Belgium"
"IMEC2",NA,NA,"Imeca Hardware & Lumber, Northwest 58th Street, Doral, FL, United States"
"IMEC3",26.2378597,-80.1247667,"Imeca Hardware Lumber, Pompano Beach, FL, United States"
"IMEC4",51.5007153,-0.1360805,"Institution of Mechanical Engineers (IMechE), Birdcage Walk, London, United Kingdom"
"IMEC5",-12.0463667,-77.0427891,"IMECON Km 46, Lima Province, Lima Region, Peru"
"Mediagenix",50.8764645,4.2842958,"MediaGeniX Company, Nieuwe Gentsesteenweg, Dilbeek, Belgium"
"Option N.V.1",36.0951489,-115.1010145,"Option Home Health Care, South Pecos Road, Las Vegas, NV, United States"
"Option N.V.2",40.9401358,-73.9624646,"Option Surgical, Northern Valley Regional High School District, Piermont Road, Cresskill, NJ, United States"
"Zetes1",38.7153,-9.2343369,"Zetes Burótica, Alameda António Sérgio, Linda-a-Velha, Portugal"
"Zetes2",52.673978,-8.5542622,"Zetes Ltd, Castletroy, Ireland"
"Zetes3",-29.768139,31.005198,"Zetes, Island Circle, Durban, KwaZulu-Natal, South Africa"
"Zetes4",51.5310167,-0.811835,"Zetes UK Ltd, Honey Lane, Maidenhead, United Kingdom"
"Zetes5",53.3498053,-6.2603097,"Zetes Ltd, Dublin, Ireland"
"Base1",45.5197566,-122.568946,"Base Camp Brewing Company, Southeast Oak Street, Portland, OR, United States"
"Base2",42.9358107,-74.694372,"Baseball Hall of Fame, Cooperstown Road, Fort Plain, NY, United States"
"Base3",-33.8698636,151.2046889,"Base Backpackers Sydney, Kent Street, Sydney, New South Wales, Australia"
"Base4",25.8612794,-80.1210502,"Basement Miami, Collins Avenue, Miami Beach, FL, United States"
"Base5",40.820587,-72.9450667,"Baseball Heaven, Sills Road, Yaphank, NY, United States"
"Belgacom1",50.8423817,4.3541793,"Belgacom - Proximus, Rue Lebeau, Brussels, Belgium"
"Belgacom2",50.8674164,4.3772981,"ING Belgacom Towers, Boulevard Simon Bolivar, Schaerbeek, Belgium"
"Belgacom3",50.4266079,6.0273565,"Proximus, Place du Châtelet, Malmedy, Belgium"
"Belgacom4",50.4699739,4.4411679,"Belgacom Center, Rue des Bancroix, Charleroi, Belgium"
"Belgacom5",50.9838904,5.0510623,"Proximus, Sint-Jan Berchmansstraat, Diest, Belgium"
"Proximus1",50.8649362,4.3591777,"Proximus, Boulevard du Roi Albert II, Brussels, Belgium"
"Proximus2",50.9272511,4.4257868,"Proximus Center, Rue Neuve, Vilvoorde, Belgium"
"Proximus3",50.8373599,4.2929353,"Proximus, Boulevard Sylvain Dupuis, Anderlecht, Belgium"
"Proximus4",50.8503396,4.3517103,"Proximus, Rue des Tongres, Brussels, Belgium"
"Proximus5",50.8503396,4.3517103,"Proximus, Place Victor Horta, Brussels, Belgium"
"Telenet1",51.0438368,4.4784733,"Telenet, Liersesteenweg, Mechelen, Belgium"
"Telenet2",33.9365522,-83.4871525,"TeleNet Marketing Solutions, New Jimmie Daniel Road, Athens, GA, United States"
"Telenet3",51.0504966,3.7212226,"Telenet, Zonnestraat, Ghent, Belgium"
"Telenet4",-25.8699337,28.1697426,"Telenetix, Venturi Crescent, Centurion, Gauteng, South Africa"
"Telenet5",50.8781944,4.7061701,"Telenet Center, Monseigneur Ladeuzeplein, Leuven, Belgium"
"Abelag Aviation1",51.4563278,5.393992,"Abelag Aviation Nederland B.V., Luchthavenweg, Eindhoven, Netherlands"
"Abelag Aviation2",50.8145924,3.202637,"Abelag Aviation, Kortrijkstraat, Wevelgem, Belgium"
"Abelag Aviation3",50.8145924,3.202637,"Abelag Technics, Kortrijkstraat, Wevelgem, Belgium"
"Abelag Aviation4",50.8089296,3.1836033,"Abelag Aviation, Wevelgem, Belgium"
"Abelag Aviation5",50.6341764,3.0551796,"Abelag France, Rue du Maréchal de Tassigny, Lille, France"
"Brussels Airlines1",40.7245851,-73.5607531,"Brussels Airlines, Hempstead Bethpage Turnpike, East Meadow, NY, United States"
"Brussels Airlines2",50.8947967,4.4679777,"Brussels Airlines, Ringlaan, Zaventem, Belgium"
"Brussels Airlines3",5.6037168,-0.1869644,"Brussels Airlines, Accra, Greater Accra, Ghana"
"Brussels Airlines4",0.3229765,32.5762197,"Brussels Airlines, Lumumba Avenue, Kampala, Central Region, Uganda"
"Brussels Airlines5",53.3568774,-2.3025345,"Brussels Airlines, Ringway, Manchester, United Kingdom"
"Jetairfly1",25.7909848,-80.2646509,"Jetairfly, Northwest 42nd Avenue, Miami, FL, United States"
"Jetairfly2",51.4563278,5.393992,"Jetairfly, Luchthavenweg, Eindhoven, Netherlands"
"Jetairfly3",39.5696005,2.6501603,"Jetairfly, Palma, Spain"
"Jetairfly4",41.6420264,-91.5392265,"Jet Air Inc, South Riverside Drive, Iowa City, IA, United States"
"Jetairfly5",40.9475142,-90.4333562,"Jet Air, Inc., Illinois 164, Galesburg, IL, United States"
"Kinepolis1",50.6653739,4.3799792,"Kinepolis Imagibraine, Boulevard de France, Braine-l'Alleud, Belgium"
"Kinepolis2",40.3959817,-3.7864778,"Kinepolis, Calle Juan de Orduña, Pozuelo de Alarcón, Spain"
"Kinepolis3",40.5314821,-3.6365207,"Kinépolis Madrid Diversia, Avenida de Bruselas, Alcobendas, Spain"
"Kinepolis4",50.8943868,4.3418768,"Kinepolis Brussels, Boulevard du Centenaire, Brussels, Belgium"
"Kinepolis5",50.8943868,4.3418768,"Brussel Expo Parking Kinepolis, Boulevard du Centenaire, Brussels, Belgium"
"Thomas Cook Airlines Belgium1",50.8947967,4.4679777,"Thomas Cook Airlines Belgium NV, Ringlaan, Zaventem, Belgium"
"Thomas Cook Airlines Belgium2",51.00825,3.70799,"Thomas Cook Airlines Belgium NV, Tramstraat, Ghent, Belgium"
"TNT Airways1",25.2048493,55.2707828,"TNT Airways - Al Quds Street - Dubai - United Arab Emirates"
"TNT Airways2",35.6175532,-88.881677,"TNT Auto Cars, Airways Boulevard, Jackson, TN, United States"
"VLM Airlines1",53.6353216,10.008891,"VLM Airlines, Flughafenstraße, Hamburg, Germany"
"VLM Airlines2",NA,NA,"VLM Airlines, Deurne, Belgium"
"VLM Airlines3",51.5090733,0.0470092,"VLM Airlines, Royal Albert Roundabout, London, United Kingdom"
"VLM Airlines4",51.9484249,4.4339578,"VLM Airlines, Rotterdam Airportplein, Rotterdam, Netherlands"
"Aquafin1",34.3916641,-118.542586,"Aquafine Corporation, Santa Clarita, CA, United States"
"Aquafin2",24.8614622,67.0099388,"Aquafina, Karachi District, Sindh, Pakistan"
"Aquafin3",21.2854067,39.2375507,"Aquafina Bottling Plant, Jeddah, Makkah Province, Saudi Arabia"
"Aquafin4",24.8614622,67.0099388,"Aquafina, Karachi, Sindh, Pakistan"
"Aquafin5",51.0222513,5.3630414,"Aquafin, Centrum-Zuid, Houthalen-Helchteren, Belgium"
